{"stats":{"minecraft:custom":{"minecraft:interact_with_furnace":15,"minecraft:mob_kills":66,"minecraft:interact_with_crafting_table":11,"minecraft:open_barrel":14,"minecraft:leave_game":1,"minecraft:time_since_death":58514,"minecraft:sleep_in_bed":1,"minecraft:climb_one_cm":1231,"minecraft:time_since_rest":58552,"minecraft:sprint_one_cm":423493,"minecraft:damage_taken":2099,"minecraft:walk_one_cm":336097,"minecraft:damage_blocked_by_shield":715,"minecraft:drop":19,"minecraft:damage_dealt":7189,"minecraft:swim_one_cm":21529,"minecraft:fly_one_cm":227291,"minecraft:open_chest":28,"minecraft:crouch_one_cm":1692,"minecraft:play_time":107858,"minecraft:deaths":1,"minecraft:sneak_time":1649,"minecraft:walk_under_water_one_cm":14881,"minecraft:jump":1836,"minecraft:interact_with_blast_furnace":15,"minecraft:walk_on_water_one_cm":29370,"minecraft:interact_with_smoker":1,"minecraft:total_world_time":107858,"minecraft:fall_one_cm":36412},"minecraft:mined":{"minecraft:tuff":15,"minecraft:brown_mushroom":1,"minecraft:deepslate_diamond_ore":9,"minecraft:crafting_table":1,"minecraft:granite":1,"minecraft:short_grass":12,"minecraft:grass_block":25,"minecraft:chest":1,"minecraft:cobblestone":1,"minecraft:tall_grass":1,"minecraft:cobbled_deepslate":4,"minecraft:iron_ore":37,"minecraft:birch_leaves":3,"minecraft:deepslate_iron_ore":13,"minecraft:oak_log":11,"minecraft:coal_ore":44,"minecraft:vine":1,"minecraft:dirt":9,"minecraft:stone":66,"minecraft:deepslate":15,"minecraft:oak_leaves":15},"minecraft:picked_up":{"minecraft:wooden_axe":1,"minecraft:feather":6,"minecraft:chicken":3,"minecraft:glow_ink_sac":2,"minecraft:salmon":1,"minecraft:leather":4,"minecraft:brown_wool":1,"minecraft:brown_mushroom":1,"minecraft:wooden_pickaxe":1,"minecraft:potato":2,"minecraft:tuff":22,"minecraft:oak_log":11,"minecraft:gunpowder":1,"minecraft:string":1,"minecraft:dirt":51,"minecraft:cooked_mutton":2,"minecraft:bone":15,"minecraft:apple":1,"minecraft:bow":1,"minecraft:wheat_seeds":2,"minecraft:cobbled_deepslate":25,"minecraft:raw_gold":2,"minecraft:beef":5,"minecraft:stone_pickaxe":4,"minecraft:cooked_chicken":2,"minecraft:chest":1,"minecraft:oak_planks":31,"minecraft:egg":1,"minecraft:stick":29,"minecraft:raw_iron":51,"minecraft:cooked_porkchop":7,"minecraft:torch":1,"minecraft:gravel":7,"minecraft:sand":1,"minecraft:porkchop":11,"minecraft:stone_sword":3,"minecraft:arrow":8,"minecraft:rotten_flesh":17,"minecraft:slime_ball":8,"minecraft:diamond":9,"minecraft:stone_axe":3,"minecraft:granite":1,"minecraft:bread":1,"minecraft:oak_sapling":18,"minecraft:black_wool":2,"minecraft:mutton":9,"minecraft:coal":44,"minecraft:white_wool":2,"minecraft:cobblestone":73},"minecraft:used":{"minecraft:stone_sword":5,"minecraft:stone_pickaxe":89,"minecraft:shield":32,"minecraft:wooden_pickaxe":115,"minecraft:cooked_chicken":3,"minecraft:rotten_flesh":1,"minecraft:sand":1,"minecraft:dirt":23,"minecraft:tuff":22,"minecraft:wooden_axe":68,"minecraft:apple":1,"minecraft:iron_pickaxe":11,"minecraft:bread":11,"minecraft:bow":4,"minecraft:stone_axe":129,"minecraft:cobblestone":7,"minecraft:beef":3,"minecraft:furnace":1,"minecraft:oak_sapling":18,"minecraft:cooked_porkchop":9,"minecraft:cobbled_deepslate":14,"minecraft:cooked_beef":2},"minecraft:killed":{"minecraft:pig":6,"minecraft:salmon":1,"minecraft:spider":4,"minecraft:bat":1,"minecraft:frog":2,"minecraft:slime":15,"minecraft:skeleton":10,"minecraft:sheep":6,"minecraft:zombie":11,"minecraft:bee":2,"minecraft:chicken":4,"minecraft:cow":3},"minecraft:dropped":{"minecraft:bread":3,"minecraft:brown_mushroom":1,"minecraft:diamond":1,"minecraft:cooked_porkchop":2,"minecraft:oak_planks":2,"minecraft:cooked_mutton":2,"minecraft:dirt":17,"minecraft:potato":1,"minecraft:chest":1,"minecraft:stone_pickaxe":6},"minecraft:broken":{"minecraft:stone_axe":1,"minecraft:wooden_axe":2,"minecraft:wooden_pickaxe":1},"minecraft:crafted":{"minecraft:cooked_beef":2,"minecraft:oak_planks":44,"minecraft:cooked_porkchop":11,"minecraft:wooden_pickaxe":2,"minecraft:cooked_chicken":3,"minecraft:furnace":1,"minecraft:stone_axe":4,"minecraft:cooked_mutton":2,"minecraft:shield":1,"minecraft:stick":16,"minecraft:iron_ingot":42,"minecraft:iron_pickaxe":2,"minecraft:stone_pickaxe":10,"minecraft:wooden_axe":2,"minecraft:stone_sword":1}},"DataVersion":3839}