{"stats":{"minecraft:custom":{"minecraft:interact_with_furnace":27,"minecraft:mob_kills":28,"minecraft:interact_with_crafting_table":14,"minecraft:open_barrel":6,"minecraft:interact_with_stonecutter":1,"minecraft:leave_game":1,"minecraft:time_since_death":108154,"minecraft:sleep_in_bed":1,"minecraft:climb_one_cm":3930,"minecraft:time_since_rest":72545,"minecraft:sprint_one_cm":189323,"minecraft:damage_taken":1433,"minecraft:walk_one_cm":197835,"minecraft:drop":15,"minecraft:damage_dealt":5886,"minecraft:swim_one_cm":22362,"minecraft:fly_one_cm":322224,"minecraft:open_chest":22,"minecraft:crouch_one_cm":1902,"minecraft:play_time":108154,"minecraft:sneak_time":1267,"minecraft:walk_under_water_one_cm":7930,"minecraft:jump":1793,"minecraft:interact_with_blast_furnace":6,"minecraft:walk_on_water_one_cm":8563,"minecraft:total_world_time":108154,"minecraft:fall_one_cm":51555},"minecraft:mined":{"minecraft:deepslate_redstone_ore":6,"minecraft:tuff":2,"minecraft:deepslate_diamond_ore":6,"minecraft:grass_block":2,"minecraft:cobblestone":16,"minecraft:lapis_ore":1,"minecraft:furnace":1,"minecraft:iron_ore":21,"minecraft:cobbled_deepslate":18,"minecraft:deepslate_lapis_ore":2,"minecraft:oak_log":14,"minecraft:coal_ore":7,"minecraft:deepslate_iron_ore":8,"minecraft:sand":4,"minecraft:dirt":3,"minecraft:stone":60,"minecraft:deepslate":23,"minecraft:oak_leaves":5},"minecraft:picked_up":{"minecraft:crafting_table":1,"minecraft:chicken":1,"minecraft:glow_ink_sac":5,"minecraft:salmon":2,"minecraft:leather":2,"minecraft:tuff":2,"minecraft:oak_log":14,"minecraft:gunpowder":1,"minecraft:lapis_lazuli":17,"minecraft:dirt":1,"minecraft:string":1,"minecraft:cooked_mutton":4,"minecraft:bone":4,"minecraft:apple":2,"minecraft:cobbled_deepslate":42,"minecraft:beef":1,"minecraft:stone_pickaxe":3,"minecraft:egg":2,"minecraft:furnace":1,"minecraft:stick":17,"minecraft:raw_iron":32,"minecraft:porkchop":6,"minecraft:ink_sac":2,"minecraft:redstone":28,"minecraft:stone_sword":1,"minecraft:arrow":4,"minecraft:rotten_flesh":28,"minecraft:diamond":8,"minecraft:bone_meal":1,"minecraft:bread":13,"minecraft:oak_sapling":22,"minecraft:mutton":7,"minecraft:coal":11,"minecraft:white_wool":1,"minecraft:cobblestone":79},"minecraft:used":{"minecraft:cooked_mutton":4,"minecraft:stone_sword":137,"minecraft:stone_pickaxe":101,"minecraft:oak_planks":10,"minecraft:wooden_pickaxe":50,"minecraft:cooked_salmon":2,"minecraft:rotten_flesh":6,"minecraft:crafting_table":2,"minecraft:apple":2,"minecraft:bread":11,"minecraft:iron_pickaxe":22,"minecraft:cobblestone":51,"minecraft:oak_sapling":3,"minecraft:furnace":2,"minecraft:cooked_porkchop":5,"minecraft:egg":1,"minecraft:cobbled_deepslate":28},"minecraft:killed":{"minecraft:pig":3,"minecraft:zombie_villager":1,"minecraft:salmon":2,"minecraft:iron_golem":1,"minecraft:frog":2,"minecraft:creeper":1,"minecraft:squid":1,"minecraft:sheep":1,"minecraft:skeleton":4,"minecraft:zombie":10,"minecraft:cow":1},"minecraft:dropped":{"minecraft:stone_sword":2,"minecraft:diamond":1,"minecraft:rotten_flesh":9,"minecraft:oak_planks":29,"minecraft:ink_sac":2},"minecraft:broken":{"minecraft:stone_sword":1},"minecraft:crafted":{"minecraft:oak_planks":56,"minecraft:cooked_porkchop":5,"minecraft:crafting_table":2,"minecraft:wooden_pickaxe":1,"minecraft:furnace":2,"minecraft:cooked_salmon":2,"minecraft:air":0,"minecraft:stick":12,"minecraft:iron_ingot":30,"minecraft:iron_pickaxe":2,"minecraft:stone_pickaxe":1,"minecraft:stone_sword":3}},"DataVersion":3839}