{"stats":{"minecraft:dropped":{"minecraft:diamond":4,"minecraft:granite":1,"minecraft:pufferfish":6,"minecraft:dirt":3,"minecraft:diorite":1,"minecraft:pumpkin":1,"minecraft:iron_pickaxe":1,"minecraft:string":1,"minecraft:fishing_rod":1,"minecraft:white_wool":2,"minecraft:redstone":5,"minecraft:stone_axe":3,"minecraft:kelp":21,"minecraft:cobbled_deepslate":35,"minecraft:tuff":8,"minecraft:rotten_flesh":2,"minecraft:cooked_mutton":4,"minecraft:andesite":3,"minecraft:beetroot_seeds":3,"minecraft:chest":1,"minecraft:arrow":4,"minecraft:stone_pickaxe":2,"minecraft:wooden_pickaxe":1},"minecraft:killed_by":{"minecraft:phantom":1},"minecraft:used":{"minecraft:dried_kelp":17,"minecraft:shield":3,"minecraft:rotten_flesh":5,"minecraft:iron_chestplate":1,"minecraft:torch":26,"minecraft:mutton":4,"minecraft:furnace":8,"minecraft:cooked_cod":11,"minecraft:cooked_beef":2,"minecraft:oak_chest_boat":1,"minecraft:cooked_mutton":2,"minecraft:stone_pickaxe":107,"minecraft:wooden_pickaxe":17,"minecraft:sand":1,"minecraft:crafting_table":5,"minecraft:cod":2,"minecraft:apple":1,"minecraft:melon_slice":26,"minecraft:iron_pickaxe":37,"minecraft:stone_axe":104,"minecraft:fishing_rod":64,"minecraft:cobblestone":16,"minecraft:porkchop":5},"minecraft:picked_up":{"minecraft:wooden_axe":1,"minecraft:cocoa_beans":7,"minecraft:crafting_table":5,"minecraft:iron_chestplate":1,"minecraft:wooden_pickaxe":1,"minecraft:shield":1,"minecraft:string":3,"minecraft:pufferfish":6,"minecraft:cobbled_deepslate":35,"minecraft:beef":8,"minecraft:rose_bush":10,"minecraft:jungle_sapling":6,"minecraft:iron_pickaxe":2,"minecraft:enchanted_golden_apple":1,"minecraft:melon_slice":34,"minecraft:sugar_cane":6,"minecraft:chest":4,"minecraft:furnace":11,"minecraft:raw_iron":16,"minecraft:stick":6,"minecraft:torch":26,"minecraft:porkchop":8,"minecraft:dried_kelp":1,"minecraft:diorite":1,"minecraft:redstone":5,"minecraft:rotten_flesh":7,"minecraft:arrow":4,"minecraft:shears":1,"minecraft:mutton":24,"minecraft:cod":30,"minecraft:white_wool":50,"minecraft:cobblestone":70,"minecraft:andesite":3,"minecraft:salmon":6,"minecraft:jungle_log":7,"minecraft:leather":7,"minecraft:tuff":8,"minecraft:oak_log":64,"minecraft:gunpowder":9,"minecraft:dirt":9,"minecraft:name_tag":3,"minecraft:cooked_mutton":1,"minecraft:bone":21,"minecraft:apple":1,"minecraft:kelp":250,"minecraft:bow":2,"minecraft:wild_armor_trim_smithing_template":2,"minecraft:iron_ingot":3,"minecraft:stone_pickaxe":1,"minecraft:bamboo":22,"minecraft:oak_planks":82,"minecraft:pumpkin":2,"minecraft:sand":1,"minecraft:mossy_cobblestone":1,"minecraft:diamond":14,"minecraft:stone_axe":3,"minecraft:granite":1,"minecraft:oak_sapling":16,"minecraft:melon_seeds":6,"minecraft:coal":93},"minecraft:killed":{"minecraft:spider":2,"minecraft:skeleton":5,"minecraft:pig":1,"minecraft:creeper":1,"minecraft:sheep":11,"minecraft:zombie":6,"minecraft:cow":4},"minecraft:mined":{"minecraft:tuff":8,"minecraft:mossy_cobblestone":9,"minecraft:deepslate_diamond_ore":4,"minecraft:jungle_leaves":14,"minecraft:grass_block":1,"minecraft:jungle_log":7,"minecraft:kelp":1,"minecraft:furnace":8,"minecraft:iron_ore":4,"minecraft:sticky_piston":1,"minecraft:pumpkin":1,"minecraft:deepslate_iron_ore":11,"minecraft:vine":1,"minecraft:bamboo":1,"minecraft:stone":32,"minecraft:deepslate_redstone_ore":2,"minecraft:kelp_plant":17,"minecraft:crafting_table":4,"minecraft:torch":1,"minecraft:short_grass":2,"minecraft:melon":4,"minecraft:chest":2,"minecraft:rose_bush":10,"minecraft:cobblestone":13,"minecraft:sugar_cane":4,"minecraft:diorite":1,"minecraft:wall_torch":1,"minecraft:coal_ore":18,"minecraft:oak_log":37,"minecraft:cocoa":4,"minecraft:dirt":4,"minecraft:sand":1,"minecraft:tripwire_hook":1,"minecraft:oak_leaves":13,"minecraft:deepslate":35},"minecraft:broken":{"minecraft:fishing_rod":1},"minecraft:crafted":{"minecraft:oak_planks":32,"minecraft:fishing_rod":2,"minecraft:furnace":1,"minecraft:cooked_mutton":10,"minecraft:stone_pickaxe":1,"minecraft:cooked_beef":3,"minecraft:cooked_cod":11,"minecraft:crafting_table":1,"minecraft:dried_kelp":16,"minecraft:wooden_pickaxe":1,"minecraft:stone_axe":1,"minecraft:air":0,"minecraft:oak_boat":1,"minecraft:oak_chest_boat":1,"minecraft:iron_chestplate":1,"minecraft:shield":1,"minecraft:stick":24,"minecraft:iron_ingot":15,"minecraft:iron_pickaxe":1,"minecraft:torch":48,"minecraft:shears":1},"minecraft:custom":{"minecraft:mob_kills":33,"minecraft:interact_with_crafting_table":12,"minecraft:leave_game":1,"minecraft:time_since_death":22174,"minecraft:climb_one_cm":3471,"minecraft:sprint_one_cm":189463,"minecraft:walk_one_cm":261373,"minecraft:damage_blocked_by_shield":282,"minecraft:drop":36,"minecraft:play_time":122815,"minecraft:deaths":1,"minecraft:sneak_time":9279,"minecraft:walk_under_water_one_cm":8576,"minecraft:boat_one_cm":273120,"minecraft:jump":1630,"minecraft:walk_on_water_one_cm":16008,"minecraft:total_world_time":122815,"minecraft:interact_with_furnace":65,"minecraft:time_since_rest":22199,"minecraft:damage_taken":1694,"minecraft:damage_dealt":4087,"minecraft:swim_one_cm":34398,"minecraft:fly_one_cm":277045,"minecraft:open_chest":8,"minecraft:crouch_one_cm":24438,"minecraft:fish_caught":29,"minecraft:fall_one_cm":38925,"minecraft:horse_one_cm":407201}},"DataVersion":3839}