{"stats":{"minecraft:custom":{"minecraft:mob_kills":58,"minecraft:interact_with_crafting_table":21,"minecraft:open_barrel":22,"minecraft:bell_ring":48,"minecraft:leave_game":1,"minecraft:time_since_death":106180,"minecraft:climb_one_cm":3599,"minecraft:sprint_one_cm":269365,"minecraft:walk_one_cm":282371,"minecraft:drop":4,"minecraft:play_time":106180,"minecraft:sneak_time":9296,"minecraft:walk_under_water_one_cm":3596,"minecraft:jump":2005,"minecraft:interact_with_blast_furnace":11,"minecraft:walk_on_water_one_cm":9838,"minecraft:total_world_time":106180,"minecraft:interact_with_furnace":18,"minecraft:sleep_in_bed":1,"minecraft:time_since_rest":73497,"minecraft:damage_taken":966,"minecraft:damage_dealt":8180,"minecraft:swim_one_cm":17763,"minecraft:fly_one_cm":357457,"minecraft:open_chest":12,"minecraft:crouch_one_cm":35319,"minecraft:interact_with_smoker":7,"minecraft:fall_one_cm":41968},"minecraft:mined":{"minecraft:white_bed":1,"minecraft:deepslate_diamond_ore":18,"minecraft:grass_block":48,"minecraft:spawner":2,"minecraft:hay_block":32,"minecraft:furnace":3,"minecraft:iron_ore":22,"minecraft:cobbled_deepslate":8,"minecraft:andesite":4,"minecraft:deepslate_lapis_ore":7,"minecraft:peony":16,"minecraft:bell":4,"minecraft:deepslate_iron_ore":46,"minecraft:rail":1,"minecraft:stone":164,"minecraft:deepslate_redstone_ore":2,"minecraft:crafting_table":7,"minecraft:oak_fence":1,"minecraft:torch":3,"minecraft:short_grass":15,"minecraft:blast_furnace":2,"minecraft:chest":1,"minecraft:cobblestone":7,"minecraft:lapis_ore":1,"minecraft:deepslate_gold_ore":32,"minecraft:oak_planks":40,"minecraft:diorite":14,"minecraft:wall_torch":9,"minecraft:yellow_bed":5,"minecraft:coal_ore":15,"minecraft:oak_log":49,"minecraft:gravel":2,"minecraft:dirt":16,"minecraft:cobweb":41,"minecraft:stonecutter":2,"minecraft:gold_ore":8,"minecraft:oak_leaves":10,"minecraft:deepslate":97},"minecraft:picked_up":{"minecraft:crafting_table":7,"minecraft:brown_mushroom":2,"minecraft:string":52,"minecraft:cobbled_deepslate":97,"minecraft:poppy":2,"minecraft:chest":2,"minecraft:furnace":3,"minecraft:stick":13,"minecraft:raw_iron":66,"minecraft:oak_fence":1,"minecraft:torch":11,"minecraft:porkchop":12,"minecraft:diorite":4,"minecraft:redstone":9,"minecraft:arrow":10,"minecraft:rotten_flesh":11,"minecraft:peony":16,"minecraft:hay_block":32,"minecraft:cobblestone":169,"minecraft:rail":1,"minecraft:glow_ink_sac":3,"minecraft:oak_log":48,"minecraft:yellow_bed":5,"minecraft:gunpowder":2,"minecraft:lapis_lazuli":61,"minecraft:dirt":95,"minecraft:bone":10,"minecraft:apple":3,"minecraft:stonecutter":2,"minecraft:bow":1,"minecraft:wheat_seeds":3,"minecraft:raw_gold":38,"minecraft:bell":4,"minecraft:iron_ingot":4,"minecraft:stone_pickaxe":3,"minecraft:oak_planks":91,"minecraft:cooked_porkchop":2,"minecraft:gravel":2,"minecraft:blast_furnace":2,"minecraft:white_bed":1,"minecraft:spider_eye":4,"minecraft:slime_ball":11,"minecraft:diamond":18,"minecraft:oak_sapling":21,"minecraft:coal":20},"minecraft:used":{"minecraft:oak_fence":1,"minecraft:stone_sword":129,"minecraft:stone_shovel":65,"minecraft:poppy":2,"minecraft:chest":8,"minecraft:iron_sword":77,"minecraft:bell":4,"minecraft:stone_hoe":37,"minecraft:iron_chestplate":1,"minecraft:torch":56,"minecraft:dirt":82,"minecraft:iron_helmet":1,"minecraft:iron_boots":1,"minecraft:barrel":2,"minecraft:furnace":5,"minecraft:oak_sapling":21,"minecraft:cobbled_deepslate":40,"minecraft:iron_leggings":1,"minecraft:diorite":2,"minecraft:stone_pickaxe":193,"minecraft:oak_planks":100,"minecraft:wooden_pickaxe":24,"minecraft:stonecutter":2,"minecraft:crafting_table":8,"minecraft:blast_furnace":2,"minecraft:white_bed":1,"minecraft:smoker":1,"minecraft:redstone_torch":9,"minecraft:apple":3,"minecraft:bread":18,"minecraft:iron_pickaxe":254,"minecraft:stone_axe":99,"minecraft:cobblestone":35,"minecraft:cooked_porkchop":8,"minecraft:yellow_bed":5},"minecraft:killed":{"minecraft:cave_spider":8,"minecraft:witch":1,"minecraft:spider":1,"minecraft:slime":12,"minecraft:skeleton":11,"minecraft:pig":3,"minecraft:creeper":2,"minecraft:sheep":1,"minecraft:zombie":16,"minecraft:glow_squid":2,"minecraft:villager":1},"minecraft:dropped":{"minecraft:brown_mushroom":2,"minecraft:rail":1,"minecraft:diorite":1,"minecraft:cobbled_deepslate":5},"minecraft:broken":{"minecraft:stone_sword":1,"minecraft:stone_pickaxe":1,"minecraft:iron_pickaxe":1},"minecraft:crafted":{"minecraft:oak_planks":176,"minecraft:stone_shovel":1,"minecraft:barrel":2,"minecraft:furnace":4,"minecraft:iron_boots":1,"minecraft:stone_pickaxe":1,"minecraft:chest":7,"minecraft:stone_hoe":1,"minecraft:smoker":1,"minecraft:wheat":288,"minecraft:oak_slab":6,"minecraft:cooked_porkchop":6,"minecraft:crafting_table":2,"minecraft:wooden_pickaxe":1,"minecraft:iron_helmet":1,"minecraft:iron_sword":1,"minecraft:cooked_salmon":1,"minecraft:stone_axe":1,"minecraft:bread":96,"minecraft:air":0,"minecraft:iron_chestplate":1,"minecraft:stick":20,"minecraft:iron_ingot":66,"minecraft:iron_pickaxe":1,"minecraft:stone_sword":1,"minecraft:iron_leggings":1,"minecraft:gold_ingot":38,"minecraft:redstone_torch":9,"minecraft:torch":40}},"DataVersion":3839}