{"stats":{"minecraft:dropped":{"minecraft:wheat_seeds":1,"minecraft:glass_bottle":2,"minecraft:cod":2,"minecraft:cobblestone_stairs":2,"minecraft:pufferfish":11,"minecraft:dirt":9,"minecraft:mutton":3,"minecraft:wooden_axe":1,"minecraft:fire_charge":1,"minecraft:potion":2,"minecraft:gold_nugget":1,"minecraft:pumpkin":1,"minecraft:jungle_boat":1,"minecraft:glistering_melon_slice":1,"minecraft:string":11,"minecraft:bone":1,"minecraft:redstone":4,"minecraft:gravel":1,"minecraft:stone_axe":2,"minecraft:cobbled_deepslate":14,"minecraft:raw_copper":2,"minecraft:cocoa_beans":10,"minecraft:tuff":6,"minecraft:rotten_flesh":2,"minecraft:andesite":18,"minecraft:oak_sapling":18,"minecraft:spider_eye":1,"minecraft:wooden_pickaxe":1,"minecraft:arrow":2,"minecraft:bow":1,"minecraft:stone_pickaxe":2},"minecraft:killed_by":{"minecraft:zombie":1},"minecraft:used":{"minecraft:dried_kelp":48,"minecraft:shield":18,"minecraft:torch":22,"minecraft:dirt":8,"minecraft:tuff":8,"minecraft:granite":3,"minecraft:wooden_axe":20,"minecraft:iron_axe":166,"minecraft:iron_helmet":1,"minecraft:iron_boots":1,"minecraft:bamboo":1,"minecraft:beef":1,"minecraft:sweet_berries":13,"minecraft:furnace":6,"minecraft:oak_sapling":3,"minecraft:cooked_cod":15,"minecraft:oak_chest_boat":1,"minecraft:cooked_mutton":2,"minecraft:diorite":1,"minecraft:birch_planks":2,"minecraft:stone_pickaxe":81,"minecraft:oak_planks":1,"minecraft:wooden_pickaxe":14,"minecraft:sand":6,"minecraft:crafting_table":8,"minecraft:cod":2,"minecraft:oak_log":1,"minecraft:melon_slice":29,"minecraft:iron_pickaxe":154,"minecraft:stone_axe":39,"minecraft:fishing_rod":72,"minecraft:cobblestone":20,"minecraft:potion":1,"minecraft:cooked_porkchop":3,"minecraft:andesite":20,"minecraft:oak_boat":1},"minecraft:picked_up":{"minecraft:cocoa_beans":10,"minecraft:crafting_table":9,"minecraft:chicken":2,"minecraft:brown_mushroom":4,"minecraft:potion":3,"minecraft:shield":1,"minecraft:string":16,"minecraft:raw_copper":15,"minecraft:iron_axe":1,"minecraft:pufferfish":11,"minecraft:gold_nugget":2,"minecraft:cobbled_deepslate":82,"minecraft:beef":1,"minecraft:iron_pickaxe":1,"minecraft:melon_slice":44,"minecraft:iron_boots":1,"minecraft:furnace":7,"minecraft:stick":3,"minecraft:raw_iron":19,"minecraft:torch":8,"minecraft:porkchop":19,"minecraft:dried_kelp":19,"minecraft:diorite":1,"minecraft:redstone":14,"minecraft:rotten_flesh":18,"minecraft:arrow":2,"minecraft:saddle":1,"minecraft:oak_chest_boat":1,"minecraft:mutton":16,"minecraft:cod":19,"minecraft:white_wool":14,"minecraft:cobblestone":236,"minecraft:nautilus_shell":2,"minecraft:birch_log":11,"minecraft:jungle_boat":1,"minecraft:tripwire_hook":1,"minecraft:andesite":38,"minecraft:salmon":20,"minecraft:leather":6,"minecraft:birch_planks":43,"minecraft:tuff":14,"minecraft:oak_log":40,"minecraft:cobblestone_stairs":2,"minecraft:dirt":28,"minecraft:bone":15,"minecraft:kelp":341,"minecraft:bow":3,"minecraft:wheat_seeds":1,"minecraft:iron_ingot":3,"minecraft:stone_pickaxe":1,"minecraft:glass_bottle":1,"minecraft:bamboo":25,"minecraft:oak_planks":74,"minecraft:pumpkin":1,"minecraft:sweet_berries":21,"minecraft:gravel":1,"minecraft:sand":6,"minecraft:spider_eye":1,"minecraft:stone_axe":1,"minecraft:iron_helmet":1,"minecraft:granite":3,"minecraft:golden_apple":1,"minecraft:oak_sapling":21,"minecraft:coal":4},"minecraft:killed":{"minecraft:witch":2,"minecraft:spider":4,"minecraft:cod":1,"minecraft:dolphin":1,"minecraft:skeleton":5,"minecraft:chicken":1,"minecraft:turtle":1,"minecraft:pig":7,"minecraft:salmon":3,"minecraft:creeper":1,"minecraft:sheep":6,"minecraft:zombie":10,"minecraft:cow":2},"minecraft:mined":{"minecraft:tuff":4,"minecraft:cobblestone_stairs":1,"minecraft:granite":4,"minecraft:grass_block":9,"minecraft:kelp":5,"minecraft:large_fern":4,"minecraft:tall_seagrass":4,"minecraft:furnace":6,"minecraft:iron_ore":3,"minecraft:andesite":22,"minecraft:deepslate_iron_ore":15,"minecraft:vine":4,"minecraft:bamboo":3,"minecraft:stone":130,"minecraft:podzol":2,"minecraft:brown_mushroom":2,"minecraft:kelp_plant":25,"minecraft:crafting_table":8,"minecraft:torch":4,"minecraft:short_grass":14,"minecraft:melon":7,"minecraft:tall_grass":1,"minecraft:copper_ore":1,"minecraft:cobblestone":2,"minecraft:wall_torch":4,"minecraft:seagrass":2,"minecraft:birch_planks":1,"minecraft:birch_log":11,"minecraft:sweet_berry_bush":12,"minecraft:birch_leaves":1,"minecraft:oak_log":41,"minecraft:coal_ore":4,"minecraft:gravel":1,"minecraft:sand":9,"minecraft:dirt":20,"minecraft:oak_leaves":13,"minecraft:deepslate":39,"minecraft:fern":12},"minecraft:crafted":{"minecraft:oak_planks":156,"minecraft:fishing_rod":1,"minecraft:furnace":3,"minecraft:cooked_mutton":2,"minecraft:iron_boots":1,"minecraft:iron_axe":1,"minecraft:stone_pickaxe":1,"minecraft:glistering_melon_slice":1,"minecraft:cooked_cod":15,"minecraft:cooked_porkchop":3,"minecraft:crafting_table":3,"minecraft:dried_kelp":29,"minecraft:wooden_pickaxe":1,"minecraft:iron_helmet":1,"minecraft:birch_planks":44,"minecraft:stone_axe":1,"minecraft:air":0,"minecraft:oak_boat":1,"minecraft:gold_nugget":9,"minecraft:shield":1,"minecraft:stick":16,"minecraft:iron_ingot":19,"minecraft:iron_pickaxe":1,"minecraft:wooden_axe":1,"minecraft:torch":16},"minecraft:custom":{"minecraft:mob_kills":44,"minecraft:interact_with_crafting_table":37,"minecraft:leave_game":2,"minecraft:time_since_death":1083,"minecraft:climb_one_cm":6680,"minecraft:sprint_one_cm":213617,"minecraft:walk_one_cm":140784,"minecraft:damage_blocked_by_shield":710,"minecraft:drop":62,"minecraft:play_time":123653,"minecraft:deaths":1,"minecraft:sneak_time":5997,"minecraft:walk_under_water_one_cm":21489,"minecraft:boat_one_cm":280824,"minecraft:jump":1834,"minecraft:walk_on_water_one_cm":28907,"minecraft:total_world_time":123653,"minecraft:interact_with_furnace":102,"minecraft:time_since_rest":1176,"minecraft:damage_taken":2411,"minecraft:damage_dealt":8221,"minecraft:swim_one_cm":78736,"minecraft:fly_one_cm":298781,"minecraft:open_chest":9,"minecraft:crouch_one_cm":11935,"minecraft:fish_caught":33,"minecraft:fall_one_cm":50628,"minecraft:horse_one_cm":493840}},"DataVersion":3839}