{"stats":{"minecraft:custom":{"minecraft:interact_with_furnace":31,"minecraft:mob_kills":95,"minecraft:interact_with_crafting_table":16,"minecraft:leave_game":2,"minecraft:time_since_death":31529,"minecraft:sleep_in_bed":1,"minecraft:climb_one_cm":2346,"minecraft:time_since_rest":31592,"minecraft:sprint_one_cm":255313,"minecraft:damage_taken":2121,"minecraft:walk_one_cm":289469,"minecraft:damage_blocked_by_shield":4056,"minecraft:drop":38,"minecraft:damage_dealt":11884,"minecraft:swim_one_cm":33483,"minecraft:fly_one_cm":416595,"minecraft:open_chest":8,"minecraft:crouch_one_cm":8235,"minecraft:play_time":106164,"minecraft:deaths":1,"minecraft:sneak_time":3544,"minecraft:walk_under_water_one_cm":13354,"minecraft:jump":2356,"minecraft:interact_with_blast_furnace":1,"minecraft:walk_on_water_one_cm":31415,"minecraft:total_world_time":106164,"minecraft:fall_one_cm":64399},"minecraft:mined":{"minecraft:deepslate_redstone_ore":8,"minecraft:diamond_ore":1,"minecraft:deepslate_diamond_ore":55,"minecraft:dandelion":1,"minecraft:crafting_table":2,"minecraft:torch":1,"minecraft:granite":1,"minecraft:short_grass":17,"minecraft:grass_block":3,"minecraft:dead_bush":1,"minecraft:cobblestone":8,"minecraft:deepslate_coal_ore":1,"minecraft:lapis_ore":1,"minecraft:deepslate_gold_ore":9,"minecraft:oak_planks":10,"minecraft:hay_block":7,"minecraft:furnace":2,"minecraft:iron_ore":18,"minecraft:fire":1,"minecraft:andesite":6,"minecraft:bee_nest":1,"minecraft:oak_log":93,"minecraft:coal_ore":29,"minecraft:deepslate_iron_ore":7,"minecraft:gravel":1,"minecraft:dirt":7,"minecraft:stone":55,"minecraft:gold_ore":1,"minecraft:oak_leaves":5,"minecraft:deepslate":64},"minecraft:picked_up":{"minecraft:wooden_axe":2,"minecraft:crafting_table":2,"minecraft:feather":6,"minecraft:chicken":12,"minecraft:glow_ink_sac":2,"minecraft:andesite":6,"minecraft:leather":4,"minecraft:brown_mushroom":4,"minecraft:wooden_pickaxe":3,"minecraft:potato":3,"minecraft:oak_log":94,"minecraft:shield":1,"minecraft:wooden_sword":2,"minecraft:dirt":10,"minecraft:lapis_lazuli":16,"minecraft:string":6,"minecraft:bone":37,"minecraft:apple":11,"minecraft:bow":2,"minecraft:wheat_seeds":3,"minecraft:cobbled_deepslate":84,"minecraft:raw_gold":20,"minecraft:stone_pickaxe":2,"minecraft:beef":3,"minecraft:glass_bottle":2,"minecraft:iron_sword":1,"minecraft:oak_planks":93,"minecraft:egg":4,"minecraft:furnace":2,"minecraft:book":1,"minecraft:stick":9,"minecraft:raw_iron":34,"minecraft:torch":4,"minecraft:gravel":1,"minecraft:porkchop":19,"minecraft:ink_sac":6,"minecraft:redstone":74,"minecraft:spider_eye":7,"minecraft:stone_sword":3,"minecraft:arrow":28,"minecraft:rotten_flesh":40,"minecraft:slime_ball":26,"minecraft:diamond":96,"minecraft:hay_block":7,"minecraft:granite":1,"minecraft:oak_sapling":3,"minecraft:coal":52,"minecraft:cobblestone":65},"minecraft:used":{"minecraft:stone_sword":28,"minecraft:redstone":1,"minecraft:stone_pickaxe":87,"minecraft:oak_planks":94,"minecraft:wooden_pickaxe":16,"minecraft:shield":432,"minecraft:iron_sword":178,"minecraft:cooked_chicken":6,"minecraft:torch":29,"minecraft:dirt":10,"minecraft:crafting_table":7,"minecraft:granite":1,"minecraft:wooden_axe":15,"minecraft:diamond_pickaxe":76,"minecraft:apple":1,"minecraft:bread":18,"minecraft:iron_pickaxe":103,"minecraft:bow":11,"minecraft:stone_axe":159,"minecraft:wooden_sword":10,"minecraft:cobblestone":24,"minecraft:beef":3,"minecraft:furnace":4,"minecraft:cooked_porkchop":9,"minecraft:andesite":5,"minecraft:egg":2,"minecraft:cobbled_deepslate":12,"minecraft:potato":3},"minecraft:killed":{"minecraft:pig":7,"minecraft:witch":1,"minecraft:zombie_villager":1,"minecraft:spider":7,"minecraft:frog":1,"minecraft:slime":20,"minecraft:creeper":1,"minecraft:squid":1,"minecraft:skeleton":20,"minecraft:zombie":24,"minecraft:bee":1,"minecraft:chicken":8,"minecraft:cow":2},"minecraft:killed_by":{"minecraft:zombie":1},"minecraft:dropped":{"minecraft:gravel":1,"minecraft:bread":11,"minecraft:brown_mushroom":2,"minecraft:wheat_seeds":3,"minecraft:stone_sword":3,"minecraft:rotten_flesh":18,"minecraft:cobblestone":4,"minecraft:chicken":1,"minecraft:feather":6,"minecraft:ink_sac":2,"minecraft:wooden_axe":3,"minecraft:andesite":1,"minecraft:oak_sapling":3,"minecraft:wooden_sword":3,"minecraft:wooden_pickaxe":4,"minecraft:stone_pickaxe":2},"minecraft:broken":{"minecraft:stone_axe":1},"minecraft:crafted":{"minecraft:wooden_sword":1,"minecraft:oak_planks":376,"minecraft:cooked_porkchop":12,"minecraft:crafting_table":5,"minecraft:wooden_pickaxe":2,"minecraft:cooked_chicken":7,"minecraft:iron_sword":1,"minecraft:furnace":2,"minecraft:stone_axe":2,"minecraft:bread":21,"minecraft:air":0,"minecraft:diamond_pickaxe":1,"minecraft:shield":1,"minecraft:stick":28,"minecraft:iron_ingot":6,"minecraft:iron_pickaxe":1,"minecraft:stone_pickaxe":1,"minecraft:wooden_axe":2,"minecraft:stone_sword":1,"minecraft:torch":28,"minecraft:wheat":63}},"DataVersion":3839}