{"stats":{"minecraft:custom":{"minecraft:mob_kills":99,"minecraft:interact_with_crafting_table":17,"minecraft:leave_game":3,"minecraft:time_since_death":813,"minecraft:climb_one_cm":2346,"minecraft:sprint_one_cm":273623,"minecraft:walk_one_cm":309050,"minecraft:damage_blocked_by_shield":4181,"minecraft:drop":43,"minecraft:play_time":119642,"minecraft:deaths":3,"minecraft:sneak_time":4827,"minecraft:walk_under_water_one_cm":17565,"minecraft:jump":2581,"minecraft:interact_with_blast_furnace":1,"minecraft:walk_on_water_one_cm":46696,"minecraft:total_world_time":119642,"minecraft:interact_with_furnace":33,"minecraft:sleep_in_bed":1,"minecraft:time_since_rest":845,"minecraft:damage_taken":2740,"minecraft:damage_dealt":12645,"minecraft:swim_one_cm":43312,"minecraft:fly_one_cm":443495,"minecraft:open_chest":8,"minecraft:crouch_one_cm":8872,"minecraft:fall_one_cm":71642},"minecraft:killed":{"minecraft:witch":1,"minecraft:spider":7,"minecraft:slime":20,"minecraft:skeleton":24,"minecraft:bee":1,"minecraft:chicken":8,"minecraft:pig":7,"minecraft:zombie_villager":1,"minecraft:frog":1,"minecraft:creeper":1,"minecraft:squid":1,"minecraft:zombie":24,"minecraft:cow":2},"minecraft:picked_up":{"minecraft:wooden_axe":2,"minecraft:crafting_table":2,"minecraft:chicken":12,"minecraft:brown_mushroom":4,"minecraft:wooden_pickaxe":3,"minecraft:shield":1,"minecraft:string":6,"minecraft:wooden_sword":2,"minecraft:cobbled_deepslate":102,"minecraft:beef":3,"minecraft:egg":4,"minecraft:furnace":3,"minecraft:raw_iron":41,"minecraft:stick":9,"minecraft:torch":5,"minecraft:porkchop":19,"minecraft:redstone":110,"minecraft:stone_sword":3,"minecraft:arrow":31,"minecraft:rotten_flesh":40,"minecraft:hay_block":7,"minecraft:obsidian":10,"minecraft:cobblestone":70,"minecraft:feather":6,"minecraft:glow_ink_sac":4,"minecraft:andesite":6,"minecraft:leather":4,"minecraft:potato":3,"minecraft:oak_log":94,"minecraft:lapis_lazuli":16,"minecraft:dirt":10,"minecraft:name_tag":1,"minecraft:bone":40,"minecraft:apple":11,"minecraft:bow":2,"minecraft:wheat_seeds":3,"minecraft:raw_gold":24,"minecraft:stone_pickaxe":2,"minecraft:glass_bottle":2,"minecraft:oak_planks":122,"minecraft:iron_sword":1,"minecraft:book":2,"minecraft:gravel":1,"minecraft:ink_sac":6,"minecraft:spider_eye":7,"minecraft:slime_ball":39,"minecraft:diamond":96,"minecraft:granite":5,"minecraft:oak_sapling":3,"minecraft:coal":52},"minecraft:broken":{"minecraft:stone_axe":1},"minecraft:mined":{"minecraft:diamond_ore":1,"minecraft:deepslate_diamond_ore":55,"minecraft:obsidian":10,"minecraft:granite":5,"minecraft:grass_block":3,"minecraft:hay_block":7,"minecraft:furnace":3,"minecraft:iron_ore":25,"minecraft:fire":1,"minecraft:andesite":6,"minecraft:deepslate_iron_ore":7,"minecraft:stone":60,"minecraft:deepslate_redstone_ore":8,"minecraft:dandelion":1,"minecraft:crafting_table":2,"minecraft:torch":1,"minecraft:short_grass":18,"minecraft:dead_bush":1,"minecraft:cobblestone":8,"minecraft:deepslate_coal_ore":1,"minecraft:lapis_ore":1,"minecraft:deepslate_gold_ore":9,"minecraft:oak_planks":14,"minecraft:bee_nest":1,"minecraft:oak_log":93,"minecraft:coal_ore":29,"minecraft:gravel":1,"minecraft:dirt":7,"minecraft:gold_ore":5,"minecraft:oak_leaves":5,"minecraft:deepslate":65},"minecraft:crafted":{"minecraft:wooden_sword":1,"minecraft:oak_planks":376,"minecraft:cooked_chicken":7,"minecraft:furnace":2,"minecraft:stone_pickaxe":1,"minecraft:wheat":63,"minecraft:cooked_porkchop":12,"minecraft:crafting_table":5,"minecraft:wooden_pickaxe":2,"minecraft:iron_sword":1,"minecraft:bucket":1,"minecraft:stone_axe":2,"minecraft:bread":21,"minecraft:air":0,"minecraft:diamond_pickaxe":1,"minecraft:shield":1,"minecraft:stick":28,"minecraft:iron_ingot":23,"minecraft:iron_pickaxe":1,"minecraft:wooden_axe":2,"minecraft:stone_sword":1,"minecraft:torch":28},"minecraft:dropped":{"minecraft:bread":11,"minecraft:brown_mushroom":2,"minecraft:wheat_seeds":3,"minecraft:feather":6,"minecraft:cobblestone":13,"minecraft:granite":4,"minecraft:ink_sac":2,"minecraft:wooden_axe":3,"minecraft:wooden_sword":3,"minecraft:gravel":1,"minecraft:stone_sword":3,"minecraft:cobbled_deepslate":54,"minecraft:chicken":1,"minecraft:rotten_flesh":22,"minecraft:andesite":1,"minecraft:oak_sapling":3,"minecraft:wooden_pickaxe":4,"minecraft:stone_pickaxe":2},"minecraft:used":{"minecraft:stone_sword":28,"minecraft:redstone":1,"minecraft:shield":436,"minecraft:iron_sword":195,"minecraft:cooked_chicken":7,"minecraft:torch":29,"minecraft:dirt":10,"minecraft:granite":1,"minecraft:wooden_axe":15,"minecraft:bow":11,"minecraft:beef":3,"minecraft:furnace":4,"minecraft:egg":2,"minecraft:potato":3,"minecraft:cobbled_deepslate":17,"minecraft:water_bucket":3,"minecraft:stone_pickaxe":87,"minecraft:oak_planks":98,"minecraft:wooden_pickaxe":16,"minecraft:crafting_table":7,"minecraft:diamond_pickaxe":108,"minecraft:apple":1,"minecraft:bread":18,"minecraft:iron_pickaxe":103,"minecraft:stone_axe":159,"minecraft:wooden_sword":10,"minecraft:cobblestone":24,"minecraft:cooked_porkchop":11,"minecraft:andesite":5,"minecraft:bucket":4},"minecraft:killed_by":{"minecraft:creeper":1,"minecraft:skeleton":1,"minecraft:zombie":1}},"DataVersion":3839}