{"stats":{"minecraft:dropped":{"minecraft:stone_axe":1,"minecraft:kelp":46,"minecraft:cobbled_deepslate":22,"minecraft:glass_bottle":2,"minecraft:raw_copper":13,"minecraft:cocoa_beans":2,"minecraft:mossy_cobblestone":16,"minecraft:bowl":2,"minecraft:tuff":1,"minecraft:sticky_piston":2,"minecraft:rotten_flesh":4,"minecraft:oak_planks":3,"minecraft:granite":10,"minecraft:stick":6,"minecraft:pufferfish":6,"minecraft:dirt":43,"minecraft:diorite":12,"minecraft:andesite":13,"minecraft:beetroot_seeds":3,"minecraft:melon_slice":12,"minecraft:oak_sapling":7,"minecraft:sand":1,"minecraft:arrow":14,"minecraft:dried_kelp":19,"minecraft:wooden_pickaxe":2},"minecraft:killed_by":{"minecraft:creeper":2},"minecraft:used":{"minecraft:cooked_mutton":4,"minecraft:stone_sword":64,"minecraft:stone_pickaxe":155,"minecraft:dried_kelp":11,"minecraft:wooden_pickaxe":3,"minecraft:shield":26,"minecraft:netherrack":17,"minecraft:jungle_boat":1,"minecraft:torch":21,"minecraft:crafting_table":2,"minecraft:apple":1,"minecraft:melon_slice":17,"minecraft:iron_pickaxe":44,"minecraft:jungle_log":1,"minecraft:stone_axe":61,"minecraft:fishing_rod":56,"minecraft:cobblestone":31,"minecraft:sweet_berries":6,"minecraft:furnace":4,"minecraft:cooked_cod":17,"minecraft:andesite":12,"minecraft:cooked_beef":1},"minecraft:picked_up":{"minecraft:fishing_rod":2,"minecraft:cocoa_beans":2,"minecraft:crafting_table":1,"minecraft:jungle_log":10,"minecraft:tripwire_hook":1,"minecraft:salmon":32,"minecraft:andesite":48,"minecraft:wooden_pickaxe":2,"minecraft:tuff":3,"minecraft:oak_log":11,"minecraft:shield":2,"minecraft:string":1,"minecraft:dirt":59,"minecraft:raw_copper":39,"minecraft:sticky_piston":2,"minecraft:leather_boots":2,"minecraft:cooked_mutton":4,"minecraft:pufferfish":6,"minecraft:bone":6,"minecraft:apple":1,"minecraft:kelp":9,"minecraft:wheat_seeds":2,"minecraft:cobbled_deepslate":66,"minecraft:iron_ingot":2,"minecraft:stone_pickaxe":5,"minecraft:beef":2,"minecraft:iron_pickaxe":4,"minecraft:glass_bottle":2,"minecraft:sugar_cane":2,"minecraft:melon_slice":53,"minecraft:oak_planks":43,"minecraft:furnace":4,"minecraft:stick":12,"minecraft:raw_iron":17,"minecraft:pumpkin":31,"minecraft:sweet_berries":6,"minecraft:torch":5,"minecraft:bowl":2,"minecraft:fire_charge":1,"minecraft:porkchop":4,"minecraft:sand":2,"minecraft:diorite":17,"minecraft:mossy_cobblestone":17,"minecraft:stone_sword":2,"minecraft:arrow":19,"minecraft:rotten_flesh":9,"minecraft:cooked_cod":15,"minecraft:diamond":4,"minecraft:beetroot_seeds":6,"minecraft:stone_axe":4,"minecraft:granite":15,"minecraft:bone_meal":6,"minecraft:glistering_melon_slice":1,"minecraft:oak_sapling":10,"minecraft:netherrack":31,"minecraft:mutton":10,"minecraft:cod":17,"minecraft:coal":37,"minecraft:cobblestone":82},"minecraft:killed":{"minecraft:spider":1,"minecraft:phantom":1,"minecraft:sheep":6,"minecraft:skeleton":5,"minecraft:zombie":9},"minecraft:mined":{"minecraft:tuff":2,"minecraft:mossy_cobblestone":1,"minecraft:crafting_table":1,"minecraft:granite":5,"minecraft:short_grass":12,"minecraft:grass_block":2,"minecraft:melon":5,"minecraft:copper_ore":4,"minecraft:cobblestone":11,"minecraft:sugar_cane":1,"minecraft:diorite":6,"minecraft:furnace":2,"minecraft:sweet_berry_bush":1,"minecraft:iron_ore":8,"minecraft:andesite":23,"minecraft:pumpkin":34,"minecraft:coal_ore":19,"minecraft:oak_log":11,"minecraft:deepslate_iron_ore":3,"minecraft:sand":1,"minecraft:stone":55,"minecraft:netherrack":38,"minecraft:oak_leaves":7,"minecraft:deepslate":22,"minecraft:fern":1},"minecraft:broken":{"minecraft:stone_pickaxe":1},"minecraft:crafted":{"minecraft:cooked_beef":1,"minecraft:cooked_cod":15,"minecraft:oak_planks":44,"minecraft:crafting_table":1,"minecraft:jungle_boat":1,"minecraft:dried_kelp":30,"minecraft:wooden_pickaxe":1,"minecraft:furnace":2,"minecraft:bone_meal":3,"minecraft:stone_axe":1,"minecraft:air":0,"minecraft:jungle_planks":12,"minecraft:shield":1,"minecraft:stick":20,"minecraft:iron_ingot":8,"minecraft:iron_pickaxe":2,"minecraft:stone_pickaxe":2,"minecraft:stone_sword":1,"minecraft:torch":20},"minecraft:custom":{"minecraft:interact_with_furnace":40,"minecraft:mob_kills":22,"minecraft:interact_with_crafting_table":20,"minecraft:leave_game":1,"minecraft:time_since_death":54651,"minecraft:climb_one_cm":5035,"minecraft:time_since_rest":54725,"minecraft:sprint_one_cm":268838,"minecraft:damage_taken":2375,"minecraft:walk_one_cm":357977,"minecraft:damage_blocked_by_shield":919,"minecraft:drop":54,"minecraft:damage_dealt":3854,"minecraft:swim_one_cm":36501,"minecraft:fly_one_cm":399710,"minecraft:open_chest":7,"minecraft:crouch_one_cm":4486,"minecraft:play_time":122598,"minecraft:deaths":3,"minecraft:sneak_time":1443,"minecraft:walk_under_water_one_cm":11489,"minecraft:boat_one_cm":279039,"minecraft:jump":2418,"minecraft:walk_on_water_one_cm":11506,"minecraft:total_world_time":122598,"minecraft:fish_caught":37,"minecraft:fall_one_cm":61881,"minecraft:horse_one_cm":16089}},"DataVersion":3839}